<?xml version="1.0" ?>
<complexConstraints>
	<implies>
		<and>
			<or>
				<node>133</node>
				<node>20</node>
				<node>45</node>
			</or>
			<or>
				<node>70</node>
				<node negate="true">38</node>
			</or>
		</and>
		<or negate="true">
			<node>17</node>
			<node>180</node>
		</or>
	</implies>
	<excludes>
		<and>
			<node>200</node>
			<node negate="true">20</node>
			<node>40</node>
		</and>
		<and>
			<or>
				<node>250</node>
				<node>40</node>
			</or>
			<or negate="true">
				<node>120</node>
				<node negate="true">239</node>
				<node>5</node>
			</or>
		</and>
	</excludes>
</complexConstraints>